MainstreamBrowsePage,section,business
MainstreamBrowsePage,section,births-deaths-marriages
MainstreamBrowsePage,section,education
MainstreamBrowsePage,section,business/selling-closing
MainstreamBrowsePage,section,business/intellectual-property
MainstreamBrowsePage,section,business/premises-rates
MainstreamBrowsePage,section,employing-people/time-off
MainstreamBrowsePage,section,employing-people/contracts
MainstreamBrowsePage,section,tax
MainstreamBrowsePage,section,working
MainstreamBrowsePage,section,benefits
MainstreamBrowsePage,section,business/licences
MainstreamBrowsePage,section,business/farming
MainstreamBrowsePage,section,business/manufacturing
MainstreamBrowsePage,section,business/imports-exports
Topic,specialist_sector,oil-and-gas
MainstreamBrowsePage,section,tax/vat
MainstreamBrowsePage,section,employing-people/dismissals-redundancies
MainstreamBrowsePage,section,tax/court-claims-debt-bankruptcy
MainstreamBrowsePage,section,citizenship/government
MainstreamBrowsePage,section,births-deaths-marriages/register-offices
MainstreamBrowsePage,section,working/tax-minimum-wage
MainstreamBrowsePage,section,working/time-off
MainstreamBrowsePage,section,working/rights-trade-unions
MainstreamBrowsePage,section,working/workplace-personal-pensions
MainstreamBrowsePage,section,driving/blue-badge-parking
MainstreamBrowsePage,section,driving/driving-licences
MainstreamBrowsePage,section,education/student-finance
MainstreamBrowsePage,section,driving/number-plate
MainstreamBrowsePage,section,driving/learning-to-drive
MainstreamBrowsePage,section,driving/businesses
MainstreamBrowsePage,section,driving/drivers-lorries-buses
MainstreamBrowsePage,section,benefits/disability
MainstreamBrowsePage,section,education/school-admissions-transport
MainstreamBrowsePage,section,disabilities/work
MainstreamBrowsePage,section,visas-immigration/sponsor-workers-students
Topic,specialist_sector,immigration-operational-guidance/non-compliance-biometric-registration
MainstreamBrowsePage,section,employing-people/health-safety
MainstreamBrowsePage,section,tax/income-tax
MainstreamBrowsePage,section,tax/national-insurance
MainstreamBrowsePage,section,tax/self-assessment
MainstreamBrowsePage,section,tax/inheritance-tax
MainstreamBrowsePage,section,abroad/passports
MainstreamBrowsePage,section,citizenship/voting
MainstreamBrowsePage,section,citizenship/citizenship
MainstreamBrowsePage,section,births-deaths-marriages/child
MainstreamBrowsePage,section,working/contract-working-hours
MainstreamBrowsePage,section,working/finding-job
MainstreamBrowsePage,section,working/state-pension
MainstreamBrowsePage,section,driving/car-tax-discs
MainstreamBrowsePage,section,benefits/entitlement
MainstreamBrowsePage,section,disabilities/carers
MainstreamBrowsePage,section,abroad
Topic,specialist_sector,oil-and-gas/carbon-capture-and-storage
Topic,specialist_sector,oil-and-gas/environment-reporting-and-regulation
Topic,specialist_sector,oil-and-gas/exploration-and-production
Topic,specialist_sector,oil-and-gas/fields-and-wells
Topic,specialist_sector,oil-and-gas/infrastructure-and-decommissioning
Topic,specialist_sector,oil-and-gas/licensing
Topic,specialist_sector,oil-and-gas/onshore-oil-and-gas
MainstreamBrowsePage,section,visas-immigration
Topic,specialist_sector,immigration-operational-guidance
Topic,specialist_sector,immigration-operational-guidance/asylum-policy
Topic,specialist_sector,immigration-operational-guidance/enforcement
MainstreamBrowsePage,section,visas-immigration/settle-in-the-uk
Topic,specialist_sector,commercial-fishing-fisheries
Topic,specialist_sector,local-government
Topic,specialist_sector,local-government/business-rates
MainstreamBrowsePage,section,environment-countryside/fishing-hunting
MainstreamBrowsePage,section,environment-countryside/recycling-waste-management
Topic,specialist_sector,commercial-fishing-fisheries/vessel-crew-safety-certification
MainstreamBrowsePage,section,employing-people
MainstreamBrowsePage,section,justice
MainstreamBrowsePage,section,citizenship
MainstreamBrowsePage,section,driving
MainstreamBrowsePage,section,disabilities
MainstreamBrowsePage,section,business/funding-debt
MainstreamBrowsePage,section,business/setting-up
MainstreamBrowsePage,section,business/food
MainstreamBrowsePage,section,business/expenses-employee-benefits
MainstreamBrowsePage,section,business/maritime
MainstreamBrowsePage,section,business/waste-environment
MainstreamBrowsePage,section,business/sale-goods-services-data
MainstreamBrowsePage,section,business/business-tax
MainstreamBrowsePage,section,business/limited-company
MainstreamBrowsePage,section,employing-people/recruiting-hiring
MainstreamBrowsePage,section,employing-people/pensions
MainstreamBrowsePage,section,employing-people/trade-unions
MainstreamBrowsePage,section,justice/prisons-probation
MainstreamBrowsePage,section,justice/young-people
MainstreamBrowsePage,section,justice/rights
MainstreamBrowsePage,section,justice/reporting-crimes-compensation
MainstreamBrowsePage,section,justice/courts-sentencing-tribunals
MainstreamBrowsePage,section,citizenship/charities-honours
MainstreamBrowsePage,section,births-deaths-marriages/death
MainstreamBrowsePage,section,births-deaths-marriages/lasting-power-attorney
Topic,specialist_sector,outdoor-access-recreation
Topic,specialist_sector,producing-distributing-food/egg-production-marketing
Topic,specialist_sector,commercial-fishing-fisheries/regulations-monitoring-enforcement
Topic,specialist_sector,housing/land-development-opportunities
Topic,specialist_sector,housing/procurement-panels
Topic,specialist_sector,housing/design-and-sustainability
Topic,specialist_sector,benefits-credits/tax-credits
Topic,specialist_sector,benefits-credits/child-benefit
MainstreamBrowsePage,section,births-deaths-marriages/marriage-divorce
MainstreamBrowsePage,section,births-deaths-marriages/child-adoption
MainstreamBrowsePage,section,working/redundancies-dismissals
Topic,specialist_sector,law-justice-system
MainstreamBrowsePage,section,driving/teaching-people-to-drive
MainstreamBrowsePage,section,driving/mot-insurance
MainstreamBrowsePage,section,driving/vehicle-safety
MainstreamBrowsePage,section,driving/highway-code
MainstreamBrowsePage,section,driving/disability-health-condition
MainstreamBrowsePage,section,benefits/heating
MainstreamBrowsePage,section,benefits/jobseekers-allowance
MainstreamBrowsePage,section,benefits/child
MainstreamBrowsePage,section,benefits/tax-credits
MainstreamBrowsePage,section,benefits/bereavement
MainstreamBrowsePage,section,benefits/families
MainstreamBrowsePage,section,education/school-life
MainstreamBrowsePage,section,disabilities/benefits
MainstreamBrowsePage,section,disabilities/rights
MainstreamBrowsePage,section,disabilities/equipment
MainstreamBrowsePage,section,business/science
MainstreamBrowsePage,section,business/generating-energy
MainstreamBrowsePage,section,abroad/living-abroad
MainstreamBrowsePage,section,abroad/travel-abroad
MainstreamBrowsePage,section,business/finance-support
MainstreamBrowsePage,section,visas-immigration/manage-your-application
MainstreamBrowsePage,section,visas-immigration/transit-visas
Topic,specialist_sector,immigration-operational-guidance/commerical-casework-guidance
Topic,specialist_sector,immigration-operational-guidance/entry-clearance-guidance
Topic,specialist_sector,immigration-operational-guidance/immigration-directorate-instructions
Topic,specialist_sector,immigration-operational-guidance/modernised-guidance
Topic,specialist_sector,immigration-operational-guidance/nationality-instructions
Topic,specialist_sector,immigration-operational-guidance/stateless-guidance
MainstreamBrowsePage,section,visas-immigration/family-visas
MainstreamBrowsePage,section,visas-immigration/eu-eea-commonwealth
MainstreamBrowsePage,section,visas-immigration/immigration-appeals
MainstreamBrowsePage,section,visas-immigration/stateless
MainstreamBrowsePage,section,environment-countryside/boats-waterways
Topic,specialist_sector,housing/regulation
Topic,specialist_sector,benefits-credits
MainstreamBrowsePage,section,tax/dealing-with-hmrc
Topic,specialist_sector,environmental-management
Topic,specialist_sector,environmental-management/boating
Topic,specialist_sector,environmental-management/chemicals
Topic,specialist_sector,environmental-management/environmental-permits
Topic,specialist_sector,environmental-management/environmental-risk-management
Topic,specialist_sector,environmental-management/fisheries-rod-licensing
Topic,specialist_sector,environmental-management/flooding-coastal-change
Topic,specialist_sector,environmental-management/land-management
Topic,specialist_sector,environmental-management/marine
Topic,specialist_sector,environmental-management/oil-storage
Topic,specialist_sector,environmental-management/waste
Topic,specialist_sector,environmental-management/water
Topic,specialist_sector,environmental-management/wildlife-habitat-conservation
MainstreamBrowsePage,section,environment-countryside
MainstreamBrowsePage,section,environment-countryside/coasts
MainstreamBrowsePage,section,environment-countryside/countryside
MainstreamBrowsePage,section,environment-countryside/flooding-extreme-weather
MainstreamBrowsePage,section,environment-countryside/treasure-wrecks
MainstreamBrowsePage,section,environment-countryside/wildlife-biodiversity
Topic,specialist_sector,competition
Topic,specialist_sector,competition/mergers
Topic,specialist_sector,competition/markets
Topic,specialist_sector,competition/regulatory-appeals-references
Topic,specialist_sector,running-charity/fundraising
Topic,specialist_sector,running-charity/managing-charity
Topic,specialist_sector,running-charity/trustee-role-board
Topic,specialist_sector,running-charity/staff-volunteers
Topic,specialist_sector,running-charity/charitys-work
Topic,specialist_sector,prisons-probation
Topic,specialist_sector,prisons-probation/healthcare
Topic,specialist_sector,prisons-probation/information-suppliers
Topic,specialist_sector,prisons-probation/mappa
Topic,specialist_sector,prisons-probation/operational-guidance
Topic,specialist_sector,prisons-probation/researching-prisons
Topic,specialist_sector,working-sea
Topic,specialist_sector,working-sea/health-safety
Topic,specialist_sector,working-sea/medical-certification
Topic,specialist_sector,working-sea/training-certification
Topic,specialist_sector,ships-cargoes
Topic,specialist_sector,ships-cargoes/cargo-safety
Topic,specialist_sector,ships-cargoes/construction-maintenance-operation
Topic,specialist_sector,ships-cargoes/hydrography
Topic,specialist_sector,ships-cargoes/inland-waterways
Topic,specialist_sector,ships-cargoes/large-yachts
Topic,specialist_sector,ships-cargoes/m-notices
Topic,specialist_sector,ships-cargoes/pollution-prevention
Topic,specialist_sector,ships-cargoes/surveys-inspections
Topic,specialist_sector,ships-cargoes/ship-registration
Topic,specialist_sector,keeping-farmed-animals
Topic,specialist_sector,keeping-farmed-animals/cattle-deaths
Topic,specialist_sector,keeping-farmed-animals/cattle-identity-registration
Topic,specialist_sector,keeping-farmed-animals/cattle-movement
Topic,specialist_sector,producing-distributing-food
Topic,specialist_sector,producing-distributing-food/crops-horticulture
Topic,specialist_sector,producing-distributing-food/dairy-milk-production
Topic,specialist_sector,producing-distributing-food/food-labelling
Topic,specialist_sector,producing-distributing-food/import-export
Topic,specialist_sector,producing-distributing-food/meat-production
Topic,specialist_sector,producing-distributing-food/sugar
Topic,specialist_sector,farming-food-grants-payments
Topic,specialist_sector,farming-food-grants-payments/export-refunds
Topic,specialist_sector,farming-food-grants-payments/private-storage-aid
Topic,specialist_sector,farming-food-grants-payments/school-milk-scheme
Topic,specialist_sector,farming-food-grants-payments/intervention-schemes
Topic,specialist_sector,farming-food-grants-payments/promotion-schemes
Topic,specialist_sector,immigration-operational-guidance/fees-forms
Topic,specialist_sector,immigration-operational-guidance/sponsorship
Topic,specialist_sector,immigration-operational-guidance/rights-responsibilities
Topic,specialist_sector,immigration-operational-guidance/immigration-rules
MainstreamBrowsePage,section,visas-immigration/asylum
Topic,specialist_sector,commercial-fishing-fisheries/funding
Topic,specialist_sector,commercial-fishing-fisheries/vessel-licensing
Topic,specialist_sector,commercial-fishing-fisheries/vessel-surveys-inspections
Topic,specialist_sector,planning-development
Topic,specialist_sector,planning-development/harbour-orders
Topic,specialist_sector,planning-development/marine-licences
Topic,specialist_sector,planning-development/marine-planning
Topic,specialist_sector,planning-development/protected-sites-species
Topic,specialist_sector,environmental-management/oil-spills
Topic,specialist_sector,keeping-farmed-animals/sheep-identity-registration
Topic,specialist_sector,running-charity
Topic,specialist_sector,running-charity/setting-up
Topic,specialist_sector,working-sea/maritime-safety
Topic,specialist_sector,ships-cargoes/emergency-life-saving-equipment
Topic,specialist_sector,ships-cargoes/high-speed-craft
Topic,specialist_sector,ships-cargoes/shipping-dangerous-goods
MainstreamBrowsePage,section,employing-people/payroll
MainstreamBrowsePage,section,visas-immigration/work-visas
MainstreamBrowsePage,section,visas-immigration/tourist-short-stay-visas
Topic,specialist_sector,local-government/council-tax
Topic,specialist_sector,local-government/councils-elections
Topic,specialist_sector,local-government/data-collection-reporting
Topic,specialist_sector,local-government/finance-capital-assets
Topic,specialist_sector,local-government/services
Topic,specialist_sector,local-government/transparency
Topic,specialist_sector,legal-aid-for-providers
Topic,specialist_sector,legal-aid-for-providers/change
Topic,specialist_sector,legal-aid-for-providers/civil
Topic,specialist_sector,legal-aid-for-providers/contracts
Topic,specialist_sector,legal-aid-for-providers/crime
Topic,specialist_sector,legal-aid-for-providers/electronic-working
Topic,specialist_sector,legal-aid-for-providers/forms
Topic,specialist_sector,legal-aid-for-providers/high-cost-complex-cases
Topic,specialist_sector,legal-aid-for-providers/make-application
Topic,specialist_sector,legal-aid-for-providers/payments-processing
Topic,specialist_sector,legal-aid-for-providers/submit-claim
Topic,specialist_sector,legal-aid-for-providers/tenders
Topic,specialist_sector,health-protection
Topic,specialist_sector,health-protection/chemical-hazards
Topic,specialist_sector,health-protection/emergency-response
Topic,specialist_sector,health-protection/infectious-diseases
Topic,specialist_sector,health-protection/radiation
Topic,specialist_sector,health-protection/services
Topic,specialist_sector,land-registration
Topic,specialist_sector,land-registration/business-mortgage-services
Topic,specialist_sector,land-registration/data
Topic,specialist_sector,land-registration/practice-guides
Topic,specialist_sector,land-registration/searches-fees-forms
Topic,specialist_sector,intellectual-property
Topic,specialist_sector,intellectual-property/copyright
Topic,specialist_sector,intellectual-property/designs
Topic,specialist_sector,intellectual-property/law-practice
Topic,specialist_sector,intellectual-property/patents
Topic,specialist_sector,intellectual-property/trade-marks
Topic,specialist_sector,personal-tax
Topic,specialist_sector,personal-tax/income-tax
Topic,specialist_sector,personal-tax/national-insurance
Topic,specialist_sector,personal-tax/self-assessment
Topic,specialist_sector,business-tax
Topic,specialist_sector,business-tax/paye
Topic,specialist_sector,business-tax/vat
MainstreamBrowsePage,section,visas-immigration/student-visas
Topic,specialist_sector,outdoor-access-recreation/parks-trails-nature-reserves
Topic,specialist_sector,outdoor-access-recreation/recreation
Topic,specialist_sector,outdoor-access-recreation/rights-of-way-open-access
Topic,specialist_sector,farming-food-grants-payments/environmental-land-management
Topic,specialist_sector,planning-development/landscape
Topic,specialist_sector,keeping-farmed-animals/bovine-tb
Topic,specialist_sector,keeping-farmed-animals/poultry-registration
Topic,specialist_sector,keeping-farmed-animals/preventing-disease
Topic,specialist_sector,keeping-farmed-animals/reporting-disease
Topic,specialist_sector,keeping-farmed-animals/shows-fairs-markets
Topic,specialist_sector,business-tax/corporation-tax
Topic,specialist_sector,personal-tax/capital-gains-tax
Topic,specialist_sector,business-tax/insurance-premium-tax
Topic,specialist_sector,business-tax/self-employed
MainstreamBrowsePage,section,education/find-course
Topic,specialist_sector,business-tax/pension-scheme-administration
Topic,specialist_sector,transport
Topic,specialist_sector,transport/planning-infrastructure
Topic,specialist_sector,transport/regulations-safety-security
Topic,specialist_sector,transport/traffic-road-management
Topic,specialist_sector,transport/environment
Topic,specialist_sector,transport/transporting-goods
Topic,specialist_sector,housing
Topic,specialist_sector,competition/competition-act-cartels
Topic,specialist_sector,competition/consumer-protection
Topic,specialist_sector,coal
Topic,specialist_sector,coal/property-development
Topic,specialist_sector,coal/reports-data
Topic,specialist_sector,coal/permits-licences
Topic,specialist_sector,coal/environment
Topic,specialist_sector,business-tax/gambling-duties
Topic,specialist_sector,business-tax/international-tax
Topic,specialist_sector,government-digital-guidance
Topic,specialist_sector,government-digital-guidance/content-publishing
Topic,specialist_sector,dealing-with-hmrc
Topic,specialist_sector,dealing-with-hmrc/paying-hmrc
Topic,specialist_sector,transport/motorways-major-roads
Topic,specialist_sector,environmental-management/nuclear-regulation
MainstreamBrowsePage,section,tax/capital-gains
MainstreamBrowsePage,section,housing-local-services
MainstreamBrowsePage,section,housing-local-services/council-tax
MainstreamBrowsePage,section,housing-local-services/council-housing-association
MainstreamBrowsePage,section,housing-local-services/landlords
MainstreamBrowsePage,section,housing-local-services/local-councils
MainstreamBrowsePage,section,housing-local-services/noise-neighbours
MainstreamBrowsePage,section,housing-local-services/owning-renting-property
MainstreamBrowsePage,section,housing-local-services/planning-permission
MainstreamBrowsePage,section,housing-local-services/recycling-rubbish
MainstreamBrowsePage,section,housing-local-services/repossessions-evictions
MainstreamBrowsePage,section,housing-local-services/safety-environment
Topic,specialist_sector,housing/funding-programmes
Topic,specialist_sector,business-tax/employment-related-securities
Topic,specialist_sector,business-tax/construction-industry-scheme
Topic,specialist_sector,dealing-with-hmrc/phishing-scams
Topic,specialist_sector,business-tax/capital-allowances
Topic,specialist_sector,ships-cargoes/maritime-passenger-rights
Topic,specialist_sector,business-tax/ir35
Topic,specialist_sector,high-speed-2
Topic,specialist_sector,high-speed-2/business
Topic,specialist_sector,high-speed-2/design-development
Topic,specialist_sector,high-speed-2/environment
Topic,specialist_sector,high-speed-2/maps-plans
Topic,specialist_sector,high-speed-2/property
Topic,specialist_sector,running-charity/money-accounts
Topic,specialist_sector,driving-motorcyle-instructors
Topic,specialist_sector,driving-motorcyle-instructors/approved-driving-instructors
Topic,specialist_sector,driving-motorcyle-instructors/booking-tests
Topic,specialist_sector,driving-motorcyle-instructors/driving-test-policies-rules
Topic,specialist_sector,driving-motorcyle-instructors/improving-training-skills
Topic,specialist_sector,driving-motorcyle-instructors/large-goods-vehicle-instructors
Topic,specialist_sector,driving-motorcyle-instructors/motorycle-instructors
Topic,specialist_sector,schools-colleges-childrens-services
Topic,specialist_sector,schools-colleges-childrens-services/inspections
Topic,specialist_sector,personal-tax/savings-investment-tax
Topic,specialist_sector,dealing-with-hmrc/tax-avoidance
Topic,specialist_sector,schools-colleges-childrens-services/curriculum-qualifications
Topic,specialist_sector,schools-colleges-childrens-services/exams-testing-assessment
Topic,specialist_sector,further-education-skills
Topic,specialist_sector,further-education-skills/apprenticeships
Topic,specialist_sector,further-education-skills/vocational-qualifications
Topic,specialist_sector,business-tax/alcohol-duties
Topic,specialist_sector,driving-motorcyle-instructors/reusing-dvsa-logos-information
Topic,specialist_sector,business-tax/fuel-duty
Topic,specialist_sector,business-tax/tobacco-products-duty
Topic,specialist_sector,dealing-with-hmrc/software-development
Topic,specialist_sector,community-organisations
Topic,specialist_sector,community-organisations/community-amateur-sports-clubs
MainstreamBrowsePage,section,visas-immigration/arriving-in-the-uk
Topic,specialist_sector,business-tax/climate-change-levy
Topic,specialist_sector,business-tax/landfill-tax
Topic,specialist_sector,business-tax/aggregates-levy
Topic,specialist_sector,business-tax/air-passenger-duty
Topic,specialist_sector,dealing-with-hmrc/shared-workspace
Topic,specialist_sector,defence-armed-forces
Topic,specialist_sector,defence-armed-forces/support-services-veterans-families
Topic,specialist_sector,business-tax/money-laundering-regulations
Topic,specialist_sector,schools-colleges-childrens-services/adoption-fostering
Topic,specialist_sector,schools-colleges-childrens-services/data-collection-statistical-returns
Topic,specialist_sector,schools-colleges-childrens-services/early-years
Topic,specialist_sector,schools-colleges-childrens-services/looked-after-children
Topic,specialist_sector,schools-colleges-childrens-services/opening-academy-free-school
Topic,specialist_sector,schools-colleges-childrens-services/safeguarding-children
Topic,specialist_sector,schools-colleges-childrens-services/school-college-funding-finance
Topic,specialist_sector,schools-colleges-childrens-services/running-school-college
Topic,specialist_sector,schools-colleges-childrens-services/school-behaviour-attendance
Topic,specialist_sector,schools-colleges-childrens-services/school-careers-employment
Topic,specialist_sector,schools-colleges-childrens-services/special-educational-needs-disabilities
Topic,specialist_sector,schools-colleges-childrens-services/support-for-children-young-people
Topic,specialist_sector,personal-tax/inheritance-tax
Topic,specialist_sector,company-registration-filing
Topic,specialist_sector,company-registration-filing/starting-company
Topic,specialist_sector,company-registration-filing/running-company
Topic,specialist_sector,company-registration-filing/closing-company
Topic,specialist_sector,personal-tax/trusts
Topic,specialist_sector,defence-armed-forces/military-awards-commemorations
Topic,specialist_sector,defence-armed-forces/military-equipment-logistics-technology
Topic,specialist_sector,defence-armed-forces/military-recruitment-training-operations
Topic,specialist_sector,defence-armed-forces/ministry-of-defence-estate
Topic,specialist_sector,defence-armed-forces/support-services-military-defence-personnel-families
Topic,specialist_sector,business-enterprise
Topic,specialist_sector,business-enterprise/manufacturing
Topic,specialist_sector,personal-tax/living-working-abroad-offshore
Topic,specialist_sector,personal-tax/leaving-uk
Topic,specialist_sector,personal-tax/coming-to-uk
Topic,specialist_sector,personal-tax/non-resident-landlord-scheme
Topic,specialist_sector,personal-tax/foreign-entertainer-rules
Topic,specialist_sector,business-tax/import-export
Topic,specialist_sector,business-tax/stamp-taxes
Topic,specialist_sector,further-education-skills/administration
Topic,specialist_sector,keeping-farmed-animals/animal-welfare
Topic,specialist_sector,mot/being-mot-tester
Topic,specialist_sector,mot/get-check-mot
Topic,specialist_sector,mot/forms
Topic,specialist_sector,mot/manuals
Topic,specialist_sector,mot/run-mot-test-station
Topic,specialist_sector,dealing-with-hmrc/complaints-appeals
Topic,specialist_sector,dealing-with-hmrc/tax-compliance
Topic,specialist_sector,dealing-with-hmrc/tax-agent-guidance
Topic,specialist_sector,medicines-medical-devices-blood
Topic,specialist_sector,medicines-medical-devices-blood/blood-regulation-safety
Topic,specialist_sector,medicines-medical-devices-blood/clinical-trials-investigations
Topic,specialist_sector,medicines-medical-devices-blood/good-practice
Topic,specialist_sector,medicines-medical-devices-blood/herbal-homeopathic-medicines
Topic,specialist_sector,medicines-medical-devices-blood/manufacturing-wholesaling-importing-exporting-medicines
Topic,specialist_sector,medicines-medical-devices-blood/marketing-authorisations-variations-licensing
Topic,specialist_sector,medicines-medical-devices-blood/medical-devices-regulation-safety
Topic,specialist_sector,business-tax/investment-schemes
Topic,specialist_sector,medicines-medical-devices-blood/vigilance-safety-alerts
Topic,specialist_sector,business-tax/large-midsize-business-guidance
Topic,specialist_sector,business-tax/life-insurance-policies
Topic,specialist_sector,oil-and-gas/finance-and-taxation
Topic,specialist_sector,law-justice-system/attorney-general-guidance-to-legal-profession
Topic,specialist_sector,crime-policing
Topic,specialist_sector,crime-policing/policing-crime-prevention
Topic,specialist_sector,public-safety-emergencies
Topic,specialist_sector,public-safety-emergencies/emergencies-preparation-response-recovery
Topic,specialist_sector,help-british-nationals-overseas
Topic,specialist_sector,help-british-nationals-overseas/asia
Topic,specialist_sector,help-british-nationals-overseas/africa
Topic,specialist_sector,help-british-nationals-overseas/europe
Topic,specialist_sector,help-british-nationals-overseas/advice-all-countries
Topic,specialist_sector,help-british-nationals-overseas/antarctica-australia-oceania
Topic,specialist_sector,help-british-nationals-overseas/middle-east
Topic,specialist_sector,help-british-nationals-overseas/north-central-america-caribbean
Topic,specialist_sector,help-british-nationals-overseas/south-america
Topic,specialist_sector,company-registration-filing/forms
Topic,specialist_sector,housing/freehold-leasehold-property
Topic,specialist_sector,housing/party-walls
Topic,specialist_sector,housing/tenancies-leases
Topic,specialist_sector,planning-development/building-regulations
Topic,specialist_sector,planning-development/byelaws
Topic,specialist_sector,planning-development/planning-officer-guidance
Topic,specialist_sector,planning-development/public-sector-land-use
Topic,specialist_sector,keeping-farmed-animals/pig-identity-registration-movements
Topic,specialist_sector,keeping-farmed-animals/import-export
Topic,specialist_sector,local-government/pensions
Topic,specialist_sector,farming-food-grants-payments/rural-grants-payments
Topic,specialist_sector,driving-tests-and-learning-to-drive
Topic,specialist_sector,driving-tests-and-learning-to-drive/book-tests
Topic,specialist_sector,driving-tests-and-learning-to-drive/car
Topic,specialist_sector,driving-tests-and-learning-to-drive/lorry-bus
Topic,specialist_sector,driving-tests-and-learning-to-drive/specialist
Topic,specialist_sector,driving-tests-and-learning-to-drive/taxi
Topic,specialist_sector,driving-tests-and-learning-to-drive/motorcycle
Topic,specialist_sector,mot/lorry-bus-trailer-annual-test
Topic,specialist_sector,mot
Topic,specialist_sector,driving-tests-and-learning-to-drive/cars-trailers
Topic,specialist_sector,mot/modernisation
Topic,specialist_sector,health-protection/immunisation
Topic,specialist_sector,health-protection/migrant-health-guide
Topic,specialist_sector,high-speed-2/about-route
Topic,specialist_sector,keeping-farmed-animals/animal-feed
Topic,specialist_sector,keeping-farmed-animals/dealing-with-dead-animals
Topic,specialist_sector,keeping-farmed-animals/deer-farming
Topic,specialist_sector,keeping-farmed-animals/veterinary-medicines
Topic,specialist_sector,population-screening-programmes
Topic,specialist_sector,population-screening-programmes/abdominal-aortic-aneurysm
Topic,specialist_sector,population-screening-programmes/bowel
Topic,specialist_sector,population-screening-programmes/breast
Topic,specialist_sector,population-screening-programmes/cervical
Topic,specialist_sector,population-screening-programmes/diabetic-eye
Topic,specialist_sector,population-screening-programmes/fetal-anomaly
Topic,specialist_sector,population-screening-programmes/infectious-diseases-in-pregnancy
Topic,specialist_sector,population-screening-programmes/newborn-blood-spot
Topic,specialist_sector,population-screening-programmes/newborn-hearing
Topic,specialist_sector,population-screening-programmes/newborn-infant-physical-examination
Topic,specialist_sector,population-screening-programmes/sickle-cell-thalassaemia
Topic,specialist_sector,immigration-operational-guidance/visitors
Topic,specialist_sector,medicines-medical-devices-blood/conferences-and-events
Topic,specialist_sector,medicines-medical-devices-blood/payment-and-fees
Topic,specialist_sector,to-delete
Topic,specialist_sector,to-delete/delete
Topic,specialist_sector,population-screening-programmes/screening-quality-assurance
Topic,specialist_sector,business-enterprise/importing-exporting
Topic,specialist_sector,work-careers
Topic,specialist_sector,work-careers/public-service-pensions
Topic,specialist_sector,work-careers/trade-unions
Topic,specialist_sector,work-careers/secondments-with-government
Topic,specialist_sector,work-careers/government-graduate-schemes
Topic,specialist_sector,government
Topic,specialist_sector,government/government-funding-programmes
Topic,specialist_sector,business-enterprise/business-auditing-accounting-reporting
Topic,specialist_sector,business-enterprise/european-regional-development-funding
Topic,specialist_sector,business-enterprise/licensing
Topic,specialist_sector,government/government-owned-property-land
Topic,specialist_sector,government/national-and-official-statistics
Topic,specialist_sector,business-enterprise/scientific-research-and-development
Topic,specialist_sector,law-justice-system/domestic-violence
MainstreamBrowsePage,section,education/universities-higher-education
Topic,specialist_sector,higher-education
Topic,specialist_sector,higher-education/administration
Topic,specialist_sector,higher-education/scholarships-for-overseas-students
Topic,specialist_sector,law-justice-system/statutory-rights
Topic,specialist_sector,climate-change-energy
Topic,specialist_sector,climate-change-energy/climate-change-agreements
Topic,specialist_sector,climate-change-energy/energy-efficiency
Topic,specialist_sector,climate-change-energy/energy-infrastructure
Topic,specialist_sector,climate-change-energy/energy-prices-bills
Topic,specialist_sector,climate-change-energy/energy-security
Topic,specialist_sector,climate-change-energy/international-climate-change
Topic,specialist_sector,benefits-credits/universal-credit
Topic,specialist_sector,death
Topic,specialist_sector,death/death-registration-disclosure
Topic,specialist_sector,climate-change-energy/emissions
Topic,specialist_sector,climate-change-energy/low-carbon-energy
Topic,specialist_sector,government/european-union-laws-and-regulation
Topic,specialist_sector,government/public-services
Topic,specialist_sector,government/devolution
Topic,specialist_sector,government/legislative-process
Topic,specialist_sector,business-enterprise/farming
Topic,specialist_sector,environmental-management/air-quality
Topic,specialist_sector,business-tax/stamp-duty-on-shares
Topic,specialist_sector,law-justice-system/forced-marriage
Topic,specialist_sector,producing-distributing-food/plant-health-seeds
Topic,specialist_sector,environmental-management/assessing-environmental-impact
Topic,specialist_sector,crime-policing/criminal-record-disclosure
Topic,specialist_sector,local-communities
Topic,specialist_sector,local-communities/arts-culture-sport
Topic,specialist_sector,farming-food-grants-payments/state-aid
Topic,specialist_sector,animal-welfare
Topic,specialist_sector,animal-welfare/pets
Topic,specialist_sector,business-enterprise/export-finance
MainstreamBrowsePage,section,childcare-parenting
MainstreamBrowsePage,section,childcare-parenting/pregnancy-birth
MainstreamBrowsePage,section,childcare-parenting/fostering-adoption-surrogacy
MainstreamBrowsePage,section,childcare-parenting/financial-help-children
MainstreamBrowsePage,section,childcare-parenting/childcare
MainstreamBrowsePage,section,childcare-parenting/schools-education
MainstreamBrowsePage,section,childcare-parenting/divorce-separation-legal
